,obj_class,IOU,MSE
0,bird,0.5146034086410644,0.0004016967
1,cat,0.5684036641685021,0.001240855
2,cow,0.5313380713693159,0.00038084167
3,dog,0.4514529335419325,0.0008745546
4,horse,0.402784653417923,0.0007730696
5,person,0.4935588964868871,0.0008395283
6,sheep,0.6371458024475523,0.00029779214
