,obj_class,IOU,MSE
0,bird,0.4213041405321742,0.0009802217
1,cat,0.5180395235946494,0.0024457967
2,cow,0.41190588051842636,0.0008711419
3,dog,0.3618354278479756,0.0017857688
4,horse,0.3438264789807195,0.0015010682
5,person,0.3958455790329336,0.0019472978
6,sheep,0.5545909780659931,0.0006553513
