,obj_class,IOU,MSE
0,bird,0.4353386960706372,0.008546971
1,cat,0.5356266726601411,0.006042896
2,cow,0.4471853805233964,0.004415971
3,dog,0.4193721603296715,0.0066096215
4,horse,0.35227711685908153,0.006045877
5,person,0.44394444882903894,0.0058710296
6,sheep,0.6107085834135043,0.0060178344
